"Carimbo de data/hora","Nome de usuário","O que você está achando, até o momento, do curso de Scratch?","Dentre os tópicos abaixo, você se identifica com algum(ns)?","Dos blocos explicados até agora, qual(is) você teve mais dificuldade?","Você tem alguma sugestão para nos ajudar a melhorar o curso?"
"2019/05/03 8:51:33 AM GMT-4","bfdp.snf19@uea.edu.br","Tá incrível!","Não estou tendo tempo para resolver os exercícios para casa","Sensores","O esforço tá rendendo, o curso está muito bom."
"2019/05/03 9:48:44 AM GMT-4","gafdlt.snf19@uea.edu.br","Um ótimo curso. A ferramenta do SCRATCH é extremamente interessante e bem intuitiva de se usar. As aulas são dadas de forma rápida e simples, e aprendemos a usar os componentes na prática, enquanto eles explicam o assunto.Eles sempre procuram saber se estamos entendendo o assunto, e perguntam sobre nossas dúvidas.","Estou sem equipamento próprio para resolver as atividades de casa. O computador dá problem algumas vezes,","Variáveis","Por enquanto, nada a modificar."
"2019/05/03 11:03:08 AM GMT-4","vsdc.snf19@uea.edu.br","Devagar, raso.","Não tenho problemas.","Caneta","Um(a) professor(a) para todas as aulas. (mais dinâmico)"
"2019/05/03 11:59:17 AM GMT-4","mdla.snf19@uea.edu.br","As aulas são bem dinâmicas e interessantes, eu consigo entender bem o assunto, nada a reclamar, mas não tenho muito tempo para desenvolver em casa devido a alguns  além de ter que ficar até tarde fazendo as atividades passadas pelos professores da faculdade, dificultando acordar cedo para ir no scratch no outro dia.","Não estou tendo tempo para resolver os exercícios para casa","Sensores","nada a reclamar"
"2019/05/04 1:50:59 PM GMT-4","aavm.snf19@uea.edu.br","Muito proveitoso. Praticamos não só como utilizar o Scratch em si, como também a lógica mais eficiente de resolver as questões.","Não","Controle","Gosto da metodologia aplicada."
"2019/05/05 10:20:33 AM GMT-4","lms.snf19@uea.edu.br","Interessante, mas um pouco lento, talvez por estar no inicio ","Não estou tendo tempo para resolver os exercícios para casa","Controle","Tornar as aulas mais dinâmicas "
"2019/05/06 7:43:49 PM GMT-4","ajg.lic19@uea.edu.br","estou gostando das aulas,  só acho que as aulas são um pouco lentas as vezes","Não estou tendo tempo para resolver os exercícios para casa","Variáveis","só que as aulas deveriam se um pouco mais rapidas "
"2019/05/07 9:37:04 AM GMT-4","tbgs.lic19@uea.edu.br","Muito útil","To de boas até","Sensores","Agora que ta a metade do curso e tem menos gente poderia abrir uma nova lista de inscrição para preencher as vagas das pessoas que saíram (Conheço pessoas que não conseguiram vir pq as vagas ficaram completamente preenchidas mas ainda sim gostariam de vir para as aulas)"